{
  "nc_price": 0.00018468120048354127,
  "uni_v2_price": 0.03922657593908290804,
  "circulating_supply": 41204856,
  "hodlers": 88,
  "total_liquidity": 83943.606229,
  "locked_lp_tokens": 62057.88,
  "reward": 1957000
}